{"accuracy": [0.5761433839797974, 0.8483675718307495, 0.9072195887565613, 0.9380183219909668, 0.9518173336982727, 0.9628422856330872, 0.9709367752075195, 0.9757024049758911, 0.9793157577514648, 0.9797709584236145], "loss": [1.4439257383346558, 0.47897571325302124, 0.28344568610191345, 0.19073477387428284, 0.1475699096918106, 0.11252730339765549, 0.08712249994277954, 0.07438585162162781, 0.0643342137336731, 0.06122313439846039], "val_accuracy": [0.8229000568389893, 0.8922718167304993, 0.9247097373008728, 0.9431481957435608, 0.9520259499549866, 0.9531641006469727, 0.9599931836128235, 0.9612451791763306, 0.9516844749450684, 0.9627248048782349], "val_loss": [0.5666025280952454, 0.3291094899177551, 0.22904187440872192, 0.1722974330186844, 0.15034779906272888, 0.1524311900138855, 0.130792498588562, 0.1289992779493332, 0.1678757667541504, 0.12663282454013824]}